{"location": {"xCoordinate": 888.0956554412842, "yCoordinate": 1091.0675239562988}}