{"location": {"xCoordinate": 664.1779232025146, "yCoordinate": 750.3676700592041}}