{"location": {"xCoordinate": 167.79057383537292, "yCoordinate": 1637.9460382461548}}